objeto,change_type,api_name,label,type,detail,picklist_value_label,picklist_value_api,picklist_value_active
Account,added,AccountNumber,Account Number,string,"{""label"":""Account Number"",""name"":""AccountNumber"",""custom"":false,""picklistValues"":[],""referenceTo"":[],""type"":""string"",""precision"":0,""scale"":0,""length"":40}",,,
Account,added,AnnualRevenue,Annual Revenue,currency,"{""label"":""Annual Revenue"",""name"":""AnnualRevenue"",""custom"":false,""picklistValues"":[],""referenceTo"":[],""type"":""currency"",""precision"":18,""scale"":0,""length"":0}",,,
Account,added,Fax,Account Fax,phone,"{""label"":""Account Fax"",""name"":""Fax"",""custom"":false,""picklistValues"":[],""referenceTo"":[],""type"":""phone"",""precision"":0,""scale"":0,""length"":40}",,,
Account,added,Ownership,Ownership,picklist,"{""label"":""Ownership"",""name"":""Ownership"",""custom"":false,""picklistValues"":[{""active"":true,""label"":""Public"",""value"":""Public""},{""active"":true,""label"":""Private"",""value"":""Private""},{""active"":true,""label"":""Subsidiary"",""value"":""Subsidiary""},{""active"":true,""label"":""Other"",""value"":""Other""}],""referenceTo"":[],""type"":""picklist"",""precision"":0,""scale"":0,""length"":255}",,,
Account,picklist_value_added,Ownership,Ownership,picklist,"{""active"":true,""label"":""Public"",""value"":""Public""}",Public,Public,True
Account,picklist_value_added,Ownership,Ownership,picklist,"{""active"":true,""label"":""Private"",""value"":""Private""}",Private,Private,True
Account,picklist_value_added,Ownership,Ownership,picklist,"{""active"":true,""label"":""Subsidiary"",""value"":""Subsidiary""}",Subsidiary,Subsidiary,True
Account,picklist_value_added,Ownership,Ownership,picklist,"{""active"":true,""label"":""Other"",""value"":""Other""}",Other,Other,True
Account,added,Rating,Account Rating,picklist,"{""label"":""Account Rating"",""name"":""Rating"",""custom"":false,""picklistValues"":[{""active"":true,""label"":""Hot"",""value"":""Hot""},{""active"":true,""label"":""Warm"",""value"":""Warm""},{""active"":true,""label"":""Cold"",""value"":""Cold""}],""referenceTo"":[],""type"":""picklist"",""precision"":0,""scale"":0,""length"":255}",,,
Account,picklist_value_added,Rating,Account Rating,picklist,"{""active"":true,""label"":""Hot"",""value"":""Hot""}",Hot,Hot,True
Account,picklist_value_added,Rating,Account Rating,picklist,"{""active"":true,""label"":""Warm"",""value"":""Warm""}",Warm,Warm,True
Account,picklist_value_added,Rating,Account Rating,picklist,"{""active"":true,""label"":""Cold"",""value"":""Cold""}",Cold,Cold,True
Account,added,Sic,SIC Code,string,"{""label"":""SIC Code"",""name"":""Sic"",""custom"":false,""picklistValues"":[],""referenceTo"":[],""type"":""string"",""precision"":0,""scale"":0,""length"":20}",,,
Account,added,Site,Account Site,string,"{""label"":""Account Site"",""name"":""Site"",""custom"":false,""picklistValues"":[],""referenceTo"":[],""type"":""string"",""precision"":0,""scale"":0,""length"":80}",,,
Account,added,TickerSymbol,Ticker Symbol,string,"{""label"":""Ticker Symbol"",""name"":""TickerSymbol"",""custom"":false,""picklistValues"":[],""referenceTo"":[],""type"":""string"",""precision"":0,""scale"":0,""length"":20}",,,
Account,added,pz_AddressIdentityConcatenated__c,Address Identity Concatenated,string,"{""label"":""Address Identity Concatenated"",""name"":""pz_AddressIdentityConcatenated__c"",""custom"":true,""picklistValues"":[],""referenceTo"":[],""type"":""string"",""precision"":0,""scale"":0,""length"":255}",,,
Case,added,IsClosedOnCreate,Closed When Created,boolean,"{""label"":""Closed When Created"",""name"":""IsClosedOnCreate"",""custom"":false,""picklistValues"":[],""referenceTo"":[],""type"":""boolean"",""precision"":0,""scale"":0,""length"":0}",,,
Case,added,pz_ExtensionDetail__c,Detalle de prórroga,textarea,"{""label"":""Detalle de prórroga"",""name"":""pz_ExtensionDetail__c"",""custom"":true,""picklistValues"":[],""referenceTo"":[],""type"":""textarea"",""precision"":0,""scale"":0,""length"":32768}",,,
Case,added,pz_ExtensionEndDatetime__c,Fecha/hora de fin de prórroga,datetime,"{""label"":""Fecha/hora de fin de prórroga"",""name"":""pz_ExtensionEndDatetime__c"",""custom"":true,""picklistValues"":[],""referenceTo"":[],""type"":""datetime"",""precision"":0,""scale"":0,""length"":0}",,,
Case,added,pz_ExtensionReason__c,Motivo de prórroga,picklist,"{""label"":""Motivo de prórroga"",""name"":""pz_ExtensionReason__c"",""custom"":true,""picklistValues"":[{""active"":true,""label"":""Flexibilidad de pago"",""value"":""Flexibilidad de pago""},{""active"":true,""label"":""Gestión de facturación"",""value"":""Gestión de facturación""}],""referenceTo"":[],""type"":""picklist"",""precision"":0,""scale"":0,""length"":255}",,,
Case,picklist_value_added,pz_ExtensionReason__c,Motivo de prórroga,picklist,"{""active"":true,""label"":""Flexibilidad de pago"",""value"":""Flexibilidad de pago""}",Flexibilidad de pago,Flexibilidad de pago,True
Case,picklist_value_added,pz_ExtensionReason__c,Motivo de prórroga,picklist,"{""active"":true,""label"":""Gestión de facturación"",""value"":""Gestión de facturación""}",Gestión de facturación,Gestión de facturación,True
Case,added,pz_ExtensionStartDatetime__c,Fecha/hora de inicio de prórroga,datetime,"{""label"":""Fecha/hora de inicio de prórroga"",""name"":""pz_ExtensionStartDatetime__c"",""custom"":true,""picklistValues"":[],""referenceTo"":[],""type"":""datetime"",""precision"":0,""scale"":0,""length"":0}",,,
Contract,added,Name,Contract Name,string,"{""label"":""Contract Name"",""name"":""Name"",""custom"":false,""picklistValues"":[],""referenceTo"":[],""type"":""string"",""precision"":0,""scale"":0,""length"":80}",,,
Party_Relationship,added,CreatedById,Created By ID,reference,"{""label"":""Created By ID"",""name"":""CreatedById"",""custom"":false,""picklistValues"":[],""referenceTo"":[""User""],""type"":""reference"",""precision"":0,""scale"":0,""length"":18}",,,
Party_Relationship,added,CreatedDate,Created Date,datetime,"{""label"":""Created Date"",""name"":""CreatedDate"",""custom"":false,""picklistValues"":[],""referenceTo"":[],""type"":""datetime"",""precision"":0,""scale"":0,""length"":0}",,,
Party_Relationship,added,CurrencyIsoCode,Currency ISO Code,picklist,"{""label"":""Currency ISO Code"",""name"":""CurrencyIsoCode"",""custom"":false,""picklistValues"":[{""active"":true,""label"":""Peruvian Sol"",""value"":""PEN""},{""active"":true,""label"":""U.S. Dollar"",""value"":""USD""}],""referenceTo"":[],""type"":""picklist"",""precision"":0,""scale"":0,""length"":3}",,,
Party_Relationship,picklist_value_added,CurrencyIsoCode,Currency ISO Code,picklist,"{""active"":true,""label"":""Peruvian Sol"",""value"":""PEN""}",Peruvian Sol,PEN,True
Party_Relationship,picklist_value_added,CurrencyIsoCode,Currency ISO Code,picklist,"{""active"":true,""label"":""U.S. Dollar"",""value"":""USD""}",U.S. Dollar,USD,True
Party_Relationship,added,Id,Record ID,id,"{""label"":""Record ID"",""name"":""Id"",""custom"":false,""picklistValues"":[],""referenceTo"":[],""type"":""id"",""precision"":0,""scale"":0,""length"":18}",,,
Party_Relationship,added,IsDeleted,Deleted,boolean,"{""label"":""Deleted"",""name"":""IsDeleted"",""custom"":false,""picklistValues"":[],""referenceTo"":[],""type"":""boolean"",""precision"":0,""scale"":0,""length"":0}",,,
Party_Relationship,added,LastActivityDate,Last Activity Date,date,"{""label"":""Last Activity Date"",""name"":""LastActivityDate"",""custom"":false,""picklistValues"":[],""referenceTo"":[],""type"":""date"",""precision"":0,""scale"":0,""length"":0}",,,
Party_Relationship,added,LastModifiedById,Last Modified By ID,reference,"{""label"":""Last Modified By ID"",""name"":""LastModifiedById"",""custom"":false,""picklistValues"":[],""referenceTo"":[""User""],""type"":""reference"",""precision"":0,""scale"":0,""length"":18}",,,
Party_Relationship,added,LastModifiedDate,Last Modified Date,datetime,"{""label"":""Last Modified Date"",""name"":""LastModifiedDate"",""custom"":false,""picklistValues"":[],""referenceTo"":[],""type"":""datetime"",""precision"":0,""scale"":0,""length"":0}",,,
Party_Relationship,added,Name,Relationships Name,string,"{""label"":""Relationships Name"",""name"":""Name"",""custom"":false,""picklistValues"":[],""referenceTo"":[],""type"":""string"",""precision"":0,""scale"":0,""length"":80}",,,
Party_Relationship,added,OwnerId,Owner ID,reference,"{""label"":""Owner ID"",""name"":""OwnerId"",""custom"":false,""picklistValues"":[],""referenceTo"":[""Group"",""User""],""type"":""reference"",""precision"":0,""scale"":0,""length"":18}",,,
Party_Relationship,added,PZ_RDEAsociated__c,Afiliación a RDE,boolean,"{""label"":""Afiliación a RDE"",""name"":""PZ_RDEAsociated__c"",""custom"":true,""picklistValues"":[],""referenceTo"":[],""type"":""boolean"",""precision"":0,""scale"":0,""length"":0}",,,
Party_Relationship,added,SystemModstamp,System Modstamp,datetime,"{""label"":""System Modstamp"",""name"":""SystemModstamp"",""custom"":false,""picklistValues"":[],""referenceTo"":[],""type"":""datetime"",""precision"":0,""scale"":0,""length"":0}",,,
Party_Relationship,added,pz_AuthorizedShareOfPersonalInfoDate__c,Autoriza Compartir Datos Personales,datetime,"{""label"":""Autoriza Compartir Datos Personales"",""name"":""pz_AuthorizedShareOfPersonalInfoDate__c"",""custom"":true,""picklistValues"":[],""referenceTo"":[],""type"":""datetime"",""precision"":0,""scale"":0,""length"":0}",,,
Party_Relationship,added,pz_ConsentConditionsAndPrivacy__c,Consentimiento condiciones de privacidad,boolean,"{""label"":""Consentimiento condiciones de privacidad"",""name"":""pz_ConsentConditionsAndPrivacy__c"",""custom"":true,""picklistValues"":[],""referenceTo"":[],""type"":""boolean"",""precision"":0,""scale"":0,""length"":0}",,,
Party_Relationship,added,pz_ConsentTermsAditionals__c,Consentimientos para otras finalidades,boolean,"{""label"":""Consentimientos para otras finalidades"",""name"":""pz_ConsentTermsAditionals__c"",""custom"":true,""picklistValues"":[],""referenceTo"":[],""type"":""boolean"",""precision"":0,""scale"":0,""length"":0}",,,
Party_Relationship,added,pz_ConsentTermsAndConditions__c,Consentimiento terminos y condiciones,boolean,"{""label"":""Consentimiento terminos y condiciones"",""name"":""pz_ConsentTermsAndConditions__c"",""custom"":true,""picklistValues"":[],""referenceTo"":[],""type"":""boolean"",""precision"":0,""scale"":0,""length"":0}",,,
Party_Relationship,added,pz_CopyRDAffiliationDate__c,Fecha de Afiliación a Copia RD,date,"{""label"":""Fecha de Afiliación a Copia RD"",""name"":""pz_CopyRDAffiliationDate__c"",""custom"":true,""picklistValues"":[],""referenceTo"":[],""type"":""date"",""precision"":0,""scale"":0,""length"":0}",,,
Party_Relationship,added,pz_CopyRDDisaffiliationDate__c,Fecha de Desafiliación a Copia RD,date,"{""label"":""Fecha de Desafiliación a Copia RD"",""name"":""pz_CopyRDDisaffiliationDate__c"",""custom"":true,""picklistValues"":[],""referenceTo"":[],""type"":""date"",""precision"":0,""scale"":0,""length"":0}",,,
Party_Relationship,added,pz_DisaffiliationReason__c,Sustento Desafiliación,textarea,"{""label"":""Sustento Desafiliación"",""name"":""pz_DisaffiliationReason__c"",""custom"":true,""picklistValues"":[],""referenceTo"":[],""type"":""textarea"",""precision"":0,""scale"":0,""length"":255}",,,
Party_Relationship,added,pz_Mobile__c,Celular,phone,"{""label"":""Celular"",""name"":""pz_Mobile__c"",""custom"":true,""picklistValues"":[],""referenceTo"":[],""type"":""phone"",""precision"":0,""scale"":0,""length"":40}",,,
Party_Relationship,added,pz_PluzId__c,Código Pluz,string,"{""label"":""Código Pluz"",""name"":""pz_PluzId__c"",""custom"":true,""picklistValues"":[],""referenceTo"":[],""type"":""string"",""precision"":0,""scale"":0,""length"":255}",,,
Party_Relationship,added,pz_RDCopy__c,Copia RD,boolean,"{""label"":""Copia RD"",""name"":""pz_RDCopy__c"",""custom"":true,""picklistValues"":[],""referenceTo"":[],""type"":""boolean"",""precision"":0,""scale"":0,""length"":0}",,,
Party_Relationship,added,pz_RDEAffiliationDate__c,Fecha de Afiliación a RDE,date,"{""label"":""Fecha de Afiliación a RDE"",""name"":""pz_RDEAffiliationDate__c"",""custom"":true,""picklistValues"":[],""referenceTo"":[],""type"":""date"",""precision"":0,""scale"":0,""length"":0}",,,
Party_Relationship,added,pz_RDEBusinessEmail__c,Email Recibo Digital Empresarial,email,"{""label"":""Email Recibo Digital Empresarial"",""name"":""pz_RDEBusinessEmail__c"",""custom"":true,""picklistValues"":[],""referenceTo"":[],""type"":""email"",""precision"":0,""scale"":0,""length"":80}",,,
Party_Relationship,added,pz_RDEDisaffiliationDate__c,Fecha de Desafiliación a RDE,date,"{""label"":""Fecha de Desafiliación a RDE"",""name"":""pz_RDEDisaffiliationDate__c"",""custom"":true,""picklistValues"":[],""referenceTo"":[],""type"":""date"",""precision"":0,""scale"":0,""length"":0}",,,
Party_Relationship,added,pz_RDEEmail__c,Email Recibo Digital,email,"{""label"":""Email Recibo Digital"",""name"":""pz_RDEEmail__c"",""custom"":true,""picklistValues"":[],""referenceTo"":[],""type"":""email"",""precision"":0,""scale"":0,""length"":80}",,,
Party_Relationship,added,pz_Title__c,Cargo,string,"{""label"":""Cargo"",""name"":""pz_Title__c"",""custom"":true,""picklistValues"":[],""referenceTo"":[],""type"":""string"",""precision"":0,""scale"":0,""length"":80}",,,
Party_Relationship,added,pz_email__c,Correo Electrónico,email,"{""label"":""Correo Electrónico"",""name"":""pz_email__c"",""custom"":true,""picklistValues"":[],""referenceTo"":[],""type"":""email"",""precision"":0,""scale"":0,""length"":80}",,,
Party_Relationship,added,pz_phone__c,Telefono,phone,"{""label"":""Telefono"",""name"":""pz_phone__c"",""custom"":true,""picklistValues"":[],""referenceTo"":[],""type"":""phone"",""precision"":0,""scale"":0,""length"":40}",,,
Party_Relationship,added,vlocity_cmt__Color__c,Color,string,"{""label"":""Color"",""name"":""vlocity_cmt__Color__c"",""custom"":true,""picklistValues"":[],""referenceTo"":[],""type"":""string"",""precision"":0,""scale"":0,""length"":1300}",,,
Party_Relationship,added,vlocity_cmt__Comment__c,Comment,textarea,"{""label"":""Comment"",""name"":""vlocity_cmt__Comment__c"",""custom"":true,""picklistValues"":[],""referenceTo"":[],""type"":""textarea"",""precision"":0,""scale"":0,""length"":32768}",,,
Party_Relationship,added,vlocity_cmt__InfluenceScore__c,Influence Score,double,"{""label"":""Influence Score"",""name"":""vlocity_cmt__InfluenceScore__c"",""custom"":true,""picklistValues"":[],""referenceTo"":[],""type"":""double"",""precision"":2,""scale"":0,""length"":0}",,,
Party_Relationship,added,vlocity_cmt__IsActive__c,Active,boolean,"{""label"":""Active"",""name"":""vlocity_cmt__IsActive__c"",""custom"":true,""picklistValues"":[],""referenceTo"":[],""type"":""boolean"",""precision"":0,""scale"":0,""length"":0}",,,
Party_Relationship,added,vlocity_cmt__PrimaryRole__c,Primary Role,string,"{""label"":""Primary Role"",""name"":""vlocity_cmt__PrimaryRole__c"",""custom"":true,""picklistValues"":[],""referenceTo"":[],""type"":""string"",""precision"":0,""scale"":0,""length"":150}",,,
Party_Relationship,added,vlocity_cmt__RelationshipEndDate__c,Relationship End Date,date,"{""label"":""Relationship End Date"",""name"":""vlocity_cmt__RelationshipEndDate__c"",""custom"":true,""picklistValues"":[],""referenceTo"":[],""type"":""date"",""precision"":0,""scale"":0,""length"":0}",,,
Party_Relationship,added,vlocity_cmt__RelationshipStartDate__c,Relationship Start Date,date,"{""label"":""Relationship Start Date"",""name"":""vlocity_cmt__RelationshipStartDate__c"",""custom"":true,""picklistValues"":[],""referenceTo"":[],""type"":""date"",""precision"":0,""scale"":0,""length"":0}",,,
Party_Relationship,added,vlocity_cmt__RelationshipTypeId__c,Relationship Type,reference,"{""label"":""Relationship Type"",""name"":""vlocity_cmt__RelationshipTypeId__c"",""custom"":true,""picklistValues"":[],""referenceTo"":[""vlocity_cmt__PartyRelationshipType__c""],""type"":""reference"",""precision"":0,""scale"":0,""length"":18}",,,
Party_Relationship,added,vlocity_cmt__SourcePartyId__c,Source Party Id,reference,"{""label"":""Source Party Id"",""name"":""vlocity_cmt__SourcePartyId__c"",""custom"":true,""picklistValues"":[],""referenceTo"":[""vlocity_cmt__Party__c""],""type"":""reference"",""precision"":0,""scale"":0,""length"":18}",,,
Party_Relationship,added,vlocity_cmt__Strength__c,Strength,double,"{""label"":""Strength"",""name"":""vlocity_cmt__Strength__c"",""custom"":true,""picklistValues"":[],""referenceTo"":[],""type"":""double"",""precision"":2,""scale"":0,""length"":0}",,,
Party_Relationship,added,vlocity_cmt__TargetPartyId__c,Target Party Id,reference,"{""label"":""Target Party Id"",""name"":""vlocity_cmt__TargetPartyId__c"",""custom"":true,""picklistValues"":[],""referenceTo"":[""vlocity_cmt__Party__c""],""type"":""reference"",""precision"":0,""scale"":0,""length"":18}",,,
Party_Relationship,added,vlocity_cmt__TargetRole__c,Target Role,string,"{""label"":""Target Role"",""name"":""vlocity_cmt__TargetRole__c"",""custom"":true,""picklistValues"":[],""referenceTo"":[],""type"":""string"",""precision"":0,""scale"":0,""length"":150}",,,
Quote,added,pz_AddressApple__c,Manzana,string,"{""label"":""Manzana"",""name"":""pz_AddressApple__c"",""custom"":true,""picklistValues"":[],""referenceTo"":[],""type"":""string"",""precision"":0,""scale"":0,""length"":10}",,,
Quote,added,pz_AddressGroupName__c,Nombre Agrupación,string,"{""label"":""Nombre Agrupación"",""name"":""pz_AddressGroupName__c"",""custom"":true,""picklistValues"":[],""referenceTo"":[],""type"":""string"",""precision"":0,""scale"":0,""length"":100}",,,
Quote,added,pz_AddressGroupType__c,Tipo Agrupación,picklist,"{""label"":""Tipo Agrupación"",""name"":""pz_AddressGroupType__c"",""custom"":true,""picklistValues"":[{""active"":true,""label"":""URBANIZACIÓN"",""value"":""URBANIZACION""},{""active"":true,""label"":""UNIDAD VECINAL"",""value"":""UNIDAD VECINAL""},{""active"":true,""label"":""PUEBLO JOVEN"",""value"":""PUEBLO JOVEN""},{""active"":true,""label"":""CONJUNTO RESIDENCIAL"",""value"":""CONJUNTO RESIDENCIAL""},{""active"":true,""label"":""CONJUNTO HABITACIONAL"",""value"":""CONJUNTO HABITACIONAL""},{""active"":true,""label"":""ASENTAMIENTO HUMANO"",""value"":""ASENTAMIENTO HUMANO""},{""active"":true,""label"":""CENTRO POBLADO"",""value"":""CENTRO POBLADO""},{""active"":true,""label"":""AGRUPACION"",""value"":""AGRUPACION""},{""active"":true,""label"":""PARQUE INDUSTRIAL"",""value"":""PARQUE INDUSTRIAL""},{""active"":true,""label"":""COOPERATIVA"",""value"":""COOPERATIVA""},{""active"":true,""label"":""GALERIA"",""value"":""GALERIA""},{""active"":true,""label"":""BARRIO"",""value"":""BARRIO""},{""active"":true,""label"":""ASOCIACION"",""value"":""ASOCIACION""},{""active"":true,""label"":""AMPLIACION"",""value"":""AMPLIACION""},{""active"":true,""label"":""CIUDAD"",""value"":""CIUDAD""},{""active"":true,""label"":""COMITÉ"",""value"":""COMITÉ""},{""active"":true,""label"":""FUNDO"",""value"":""FUNDO""},{""active"":true,""label"":""HACIENDA"",""value"":""HACIENDA""},{""active"":true,""label"":""URBANIZACION POPULAR"",""value"":""URBANIZACION POPULAR""},{""active"":true,""label"":""LOTIZACION"",""value"":""LOTIZACION""},{""active"":true,""label"":""OTROS"",""value"":""OTROS""},{""active"":true,""label"":""Programa de Vivienda"",""value"":""Programa de Vivienda""},{""active"":true,""label"":""JUNTA DE PROPIETARIOS"",""value"":""JUNTA DE PROPIETARIOS""},{""active"":true,""label"":""PROGRAMA RESIDENCIAL DE VIVIENDA"",""value"":""PROGRAMA RESIDENCIAL DE VIVIENDA""},{""active"":true,""label"":""PROGRAMA RESIDENCIAL"",""value"":""PROGRAMA RESIDENCIAL""},{""active"":true,""label"":""JUNTA DE POSESIONARIOS"",""value"":""JUNTA DE POSESIONARIOS""},{""active"":true,""label"":""ORGANIZACION VECINAL"",""value"":""ORGANIZACION VECINAL""},{""active"":true,""label"":""EXPANSION URBANA"",""value"":""EXPANSION URBANA""},{""active"":true,""label"":""AGRUPACION FAMILIAR"",""value"":""AGRUPACION FAMILIAR""},{""active"":true,""label"":""COMUNIDAD CAMPESINA"",""value"":""COMUNIDAD CAMPESINA""},{""active"":true,""label"":""HABILITACION URBANA"",""value"":""HABILITACION URBANA""},{""active"":true,""label"":""AGRUPACION DE FAMILIAS"",""value"":""AGRUPACION DE FAMILIAS""},{""active"":true,""label"":""ASOCIACION DE VIVIENDA DE PROPIETARIOS"",""value"":""ASOCIACION DE VIVIENDA DE PROPIETARIOS""},{""active"":true,""label"":""ASOCIACION DE POBLADORES"",""value"":""ASOCIACION DE POBLADORES""},{""active"":true,""label"":""JUNTA VECINAL"",""value"":""JUNTA VECINAL""},{""active"":true,""label"":""ASOCIACION DE POSESIONARIOS"",""value"":""ASOCIACION DE POSESIONARIOS""},{""active"":true,""label"":""AGRUPACION DE VIVIENDA"",""value"":""AGRUPACION DE VIVIENDA""},{""active"":true,""label"":""ANEXO COMUNAL"",""value"":""ANEXO COMUNAL""},{""active"":true,""label"":""AGRUPACION VECINAL"",""value"":""AGRUPACION VECINAL""},{""active"":true,""label"":""RESIDENCIAL"",""value"":""RESIDENCIAL""},{""active"":true,""label"":""LOTIZADORA"",""value"":""LOTIZADORA""},{""active"":true,""label"":""ASOCIACION DE VIVIENDA"",""value"":""ASOCIACION DE VIVIENDA""},{""active"":true,""label"":""EDIFICIO"",""value"":""EDIFICIO""},{""active"":true,""label"":""ASOCIACION DE PROPIETARIOS"",""value"":""ASOCIACION DE PROPIETARIOS""},{""active"":true,""label"":""ASOCIACION PRO VIVIENDA"",""value"":""ASOCIACION PRO VIVIENDA""}],""referenceTo"":[],""type"":""picklist"",""precision"":0,""scale"":0,""length"":255}",,,
Quote,picklist_value_added,pz_AddressGroupType__c,Tipo Agrupación,picklist,"{""active"":true,""label"":""URBANIZACIÓN"",""value"":""URBANIZACION""}",URBANIZACIÓN,URBANIZACION,True
Quote,picklist_value_added,pz_AddressGroupType__c,Tipo Agrupación,picklist,"{""active"":true,""label"":""UNIDAD VECINAL"",""value"":""UNIDAD VECINAL""}",UNIDAD VECINAL,UNIDAD VECINAL,True
Quote,picklist_value_added,pz_AddressGroupType__c,Tipo Agrupación,picklist,"{""active"":true,""label"":""PUEBLO JOVEN"",""value"":""PUEBLO JOVEN""}",PUEBLO JOVEN,PUEBLO JOVEN,True
Quote,picklist_value_added,pz_AddressGroupType__c,Tipo Agrupación,picklist,"{""active"":true,""label"":""CONJUNTO RESIDENCIAL"",""value"":""CONJUNTO RESIDENCIAL""}",CONJUNTO RESIDENCIAL,CONJUNTO RESIDENCIAL,True
Quote,picklist_value_added,pz_AddressGroupType__c,Tipo Agrupación,picklist,"{""active"":true,""label"":""CONJUNTO HABITACIONAL"",""value"":""CONJUNTO HABITACIONAL""}",CONJUNTO HABITACIONAL,CONJUNTO HABITACIONAL,True
Quote,picklist_value_added,pz_AddressGroupType__c,Tipo Agrupación,picklist,"{""active"":true,""label"":""ASENTAMIENTO HUMANO"",""value"":""ASENTAMIENTO HUMANO""}",ASENTAMIENTO HUMANO,ASENTAMIENTO HUMANO,True
Quote,picklist_value_added,pz_AddressGroupType__c,Tipo Agrupación,picklist,"{""active"":true,""label"":""CENTRO POBLADO"",""value"":""CENTRO POBLADO""}",CENTRO POBLADO,CENTRO POBLADO,True
Quote,picklist_value_added,pz_AddressGroupType__c,Tipo Agrupación,picklist,"{""active"":true,""label"":""AGRUPACION"",""value"":""AGRUPACION""}",AGRUPACION,AGRUPACION,True
Quote,picklist_value_added,pz_AddressGroupType__c,Tipo Agrupación,picklist,"{""active"":true,""label"":""PARQUE INDUSTRIAL"",""value"":""PARQUE INDUSTRIAL""}",PARQUE INDUSTRIAL,PARQUE INDUSTRIAL,True
Quote,picklist_value_added,pz_AddressGroupType__c,Tipo Agrupación,picklist,"{""active"":true,""label"":""COOPERATIVA"",""value"":""COOPERATIVA""}",COOPERATIVA,COOPERATIVA,True
Quote,picklist_value_added,pz_AddressGroupType__c,Tipo Agrupación,picklist,"{""active"":true,""label"":""GALERIA"",""value"":""GALERIA""}",GALERIA,GALERIA,True
Quote,picklist_value_added,pz_AddressGroupType__c,Tipo Agrupación,picklist,"{""active"":true,""label"":""BARRIO"",""value"":""BARRIO""}",BARRIO,BARRIO,True
Quote,picklist_value_added,pz_AddressGroupType__c,Tipo Agrupación,picklist,"{""active"":true,""label"":""ASOCIACION"",""value"":""ASOCIACION""}",ASOCIACION,ASOCIACION,True
Quote,picklist_value_added,pz_AddressGroupType__c,Tipo Agrupación,picklist,"{""active"":true,""label"":""AMPLIACION"",""value"":""AMPLIACION""}",AMPLIACION,AMPLIACION,True
Quote,picklist_value_added,pz_AddressGroupType__c,Tipo Agrupación,picklist,"{""active"":true,""label"":""CIUDAD"",""value"":""CIUDAD""}",CIUDAD,CIUDAD,True
Quote,picklist_value_added,pz_AddressGroupType__c,Tipo Agrupación,picklist,"{""active"":true,""label"":""COMITÉ"",""value"":""COMITÉ""}",COMITÉ,COMITÉ,True
Quote,picklist_value_added,pz_AddressGroupType__c,Tipo Agrupación,picklist,"{""active"":true,""label"":""FUNDO"",""value"":""FUNDO""}",FUNDO,FUNDO,True
Quote,picklist_value_added,pz_AddressGroupType__c,Tipo Agrupación,picklist,"{""active"":true,""label"":""HACIENDA"",""value"":""HACIENDA""}",HACIENDA,HACIENDA,True
Quote,picklist_value_added,pz_AddressGroupType__c,Tipo Agrupación,picklist,"{""active"":true,""label"":""URBANIZACION POPULAR"",""value"":""URBANIZACION POPULAR""}",URBANIZACION POPULAR,URBANIZACION POPULAR,True
Quote,picklist_value_added,pz_AddressGroupType__c,Tipo Agrupación,picklist,"{""active"":true,""label"":""LOTIZACION"",""value"":""LOTIZACION""}",LOTIZACION,LOTIZACION,True
Quote,picklist_value_added,pz_AddressGroupType__c,Tipo Agrupación,picklist,"{""active"":true,""label"":""OTROS"",""value"":""OTROS""}",OTROS,OTROS,True
Quote,picklist_value_added,pz_AddressGroupType__c,Tipo Agrupación,picklist,"{""active"":true,""label"":""Programa de Vivienda"",""value"":""Programa de Vivienda""}",Programa de Vivienda,Programa de Vivienda,True
Quote,picklist_value_added,pz_AddressGroupType__c,Tipo Agrupación,picklist,"{""active"":true,""label"":""JUNTA DE PROPIETARIOS"",""value"":""JUNTA DE PROPIETARIOS""}",JUNTA DE PROPIETARIOS,JUNTA DE PROPIETARIOS,True
Quote,picklist_value_added,pz_AddressGroupType__c,Tipo Agrupación,picklist,"{""active"":true,""label"":""PROGRAMA RESIDENCIAL DE VIVIENDA"",""value"":""PROGRAMA RESIDENCIAL DE VIVIENDA""}",PROGRAMA RESIDENCIAL DE VIVIENDA,PROGRAMA RESIDENCIAL DE VIVIENDA,True
Quote,picklist_value_added,pz_AddressGroupType__c,Tipo Agrupación,picklist,"{""active"":true,""label"":""PROGRAMA RESIDENCIAL"",""value"":""PROGRAMA RESIDENCIAL""}",PROGRAMA RESIDENCIAL,PROGRAMA RESIDENCIAL,True
Quote,picklist_value_added,pz_AddressGroupType__c,Tipo Agrupación,picklist,"{""active"":true,""label"":""JUNTA DE POSESIONARIOS"",""value"":""JUNTA DE POSESIONARIOS""}",JUNTA DE POSESIONARIOS,JUNTA DE POSESIONARIOS,True
Quote,picklist_value_added,pz_AddressGroupType__c,Tipo Agrupación,picklist,"{""active"":true,""label"":""ORGANIZACION VECINAL"",""value"":""ORGANIZACION VECINAL""}",ORGANIZACION VECINAL,ORGANIZACION VECINAL,True
Quote,picklist_value_added,pz_AddressGroupType__c,Tipo Agrupación,picklist,"{""active"":true,""label"":""EXPANSION URBANA"",""value"":""EXPANSION URBANA""}",EXPANSION URBANA,EXPANSION URBANA,True
Quote,picklist_value_added,pz_AddressGroupType__c,Tipo Agrupación,picklist,"{""active"":true,""label"":""AGRUPACION FAMILIAR"",""value"":""AGRUPACION FAMILIAR""}",AGRUPACION FAMILIAR,AGRUPACION FAMILIAR,True
Quote,picklist_value_added,pz_AddressGroupType__c,Tipo Agrupación,picklist,"{""active"":true,""label"":""COMUNIDAD CAMPESINA"",""value"":""COMUNIDAD CAMPESINA""}",COMUNIDAD CAMPESINA,COMUNIDAD CAMPESINA,True
Quote,picklist_value_added,pz_AddressGroupType__c,Tipo Agrupación,picklist,"{""active"":true,""label"":""HABILITACION URBANA"",""value"":""HABILITACION URBANA""}",HABILITACION URBANA,HABILITACION URBANA,True
Quote,picklist_value_added,pz_AddressGroupType__c,Tipo Agrupación,picklist,"{""active"":true,""label"":""AGRUPACION DE FAMILIAS"",""value"":""AGRUPACION DE FAMILIAS""}",AGRUPACION DE FAMILIAS,AGRUPACION DE FAMILIAS,True
Quote,picklist_value_added,pz_AddressGroupType__c,Tipo Agrupación,picklist,"{""active"":true,""label"":""ASOCIACION DE VIVIENDA DE PROPIETARIOS"",""value"":""ASOCIACION DE VIVIENDA DE PROPIETARIOS""}",ASOCIACION DE VIVIENDA DE PROPIETARIOS,ASOCIACION DE VIVIENDA DE PROPIETARIOS,True
Quote,picklist_value_added,pz_AddressGroupType__c,Tipo Agrupación,picklist,"{""active"":true,""label"":""ASOCIACION DE POBLADORES"",""value"":""ASOCIACION DE POBLADORES""}",ASOCIACION DE POBLADORES,ASOCIACION DE POBLADORES,True
Quote,picklist_value_added,pz_AddressGroupType__c,Tipo Agrupación,picklist,"{""active"":true,""label"":""JUNTA VECINAL"",""value"":""JUNTA VECINAL""}",JUNTA VECINAL,JUNTA VECINAL,True
Quote,picklist_value_added,pz_AddressGroupType__c,Tipo Agrupación,picklist,"{""active"":true,""label"":""ASOCIACION DE POSESIONARIOS"",""value"":""ASOCIACION DE POSESIONARIOS""}",ASOCIACION DE POSESIONARIOS,ASOCIACION DE POSESIONARIOS,True
Quote,picklist_value_added,pz_AddressGroupType__c,Tipo Agrupación,picklist,"{""active"":true,""label"":""AGRUPACION DE VIVIENDA"",""value"":""AGRUPACION DE VIVIENDA""}",AGRUPACION DE VIVIENDA,AGRUPACION DE VIVIENDA,True
Quote,picklist_value_added,pz_AddressGroupType__c,Tipo Agrupación,picklist,"{""active"":true,""label"":""ANEXO COMUNAL"",""value"":""ANEXO COMUNAL""}",ANEXO COMUNAL,ANEXO COMUNAL,True
Quote,picklist_value_added,pz_AddressGroupType__c,Tipo Agrupación,picklist,"{""active"":true,""label"":""AGRUPACION VECINAL"",""value"":""AGRUPACION VECINAL""}",AGRUPACION VECINAL,AGRUPACION VECINAL,True
Quote,picklist_value_added,pz_AddressGroupType__c,Tipo Agrupación,picklist,"{""active"":true,""label"":""RESIDENCIAL"",""value"":""RESIDENCIAL""}",RESIDENCIAL,RESIDENCIAL,True
Quote,picklist_value_added,pz_AddressGroupType__c,Tipo Agrupación,picklist,"{""active"":true,""label"":""LOTIZADORA"",""value"":""LOTIZADORA""}",LOTIZADORA,LOTIZADORA,True
Quote,picklist_value_added,pz_AddressGroupType__c,Tipo Agrupación,picklist,"{""active"":true,""label"":""ASOCIACION DE VIVIENDA"",""value"":""ASOCIACION DE VIVIENDA""}",ASOCIACION DE VIVIENDA,ASOCIACION DE VIVIENDA,True
Quote,picklist_value_added,pz_AddressGroupType__c,Tipo Agrupación,picklist,"{""active"":true,""label"":""EDIFICIO"",""value"":""EDIFICIO""}",EDIFICIO,EDIFICIO,True
Quote,picklist_value_added,pz_AddressGroupType__c,Tipo Agrupación,picklist,"{""active"":true,""label"":""ASOCIACION DE PROPIETARIOS"",""value"":""ASOCIACION DE PROPIETARIOS""}",ASOCIACION DE PROPIETARIOS,ASOCIACION DE PROPIETARIOS,True
Quote,picklist_value_added,pz_AddressGroupType__c,Tipo Agrupación,picklist,"{""active"":true,""label"":""ASOCIACION PRO VIVIENDA"",""value"":""ASOCIACION PRO VIVIENDA""}",ASOCIACION PRO VIVIENDA,ASOCIACION PRO VIVIENDA,True
Quote,added,pz_AddressInternalType__c,Tipo Interior,picklist,"{""label"":""Tipo Interior"",""name"":""pz_AddressInternalType__c"",""custom"":true,""picklistValues"":[{""active"":true,""label"":""Interior"",""value"":""Interior""},{""active"":true,""label"":""Departamento"",""value"":""Departamento""},{""active"":true,""label"":""Puerta"",""value"":""Puerta""}],""referenceTo"":[],""type"":""picklist"",""precision"":0,""scale"":0,""length"":255}",,,
Quote,picklist_value_added,pz_AddressInternalType__c,Tipo Interior,picklist,"{""active"":true,""label"":""Interior"",""value"":""Interior""}",Interior,Interior,True
Quote,picklist_value_added,pz_AddressInternalType__c,Tipo Interior,picklist,"{""active"":true,""label"":""Departamento"",""value"":""Departamento""}",Departamento,Departamento,True
Quote,picklist_value_added,pz_AddressInternalType__c,Tipo Interior,picklist,"{""active"":true,""label"":""Puerta"",""value"":""Puerta""}",Puerta,Puerta,True
Quote,added,pz_AddressLot__c,Lote,string,"{""label"":""Lote"",""name"":""pz_AddressLot__c"",""custom"":true,""picklistValues"":[],""referenceTo"":[],""type"":""string"",""precision"":0,""scale"":0,""length"":10}",,,
Quote,added,pz_AddressNumberType__c,Tipo Número,picklist,"{""label"":""Tipo Número"",""name"":""pz_AddressNumberType__c"",""custom"":true,""picklistValues"":[{""active"":true,""label"":""MANZANA - LOTE"",""value"":""MANZANA - LOTE""},{""active"":true,""label"":""NUMERO MUNICIPAL"",""value"":""NUMERO MUNICIPAL""}],""referenceTo"":[],""type"":""picklist"",""precision"":0,""scale"":0,""length"":255}",,,
Quote,picklist_value_added,pz_AddressNumberType__c,Tipo Número,picklist,"{""active"":true,""label"":""MANZANA - LOTE"",""value"":""MANZANA - LOTE""}",MANZANA - LOTE,MANZANA - LOTE,True
Quote,picklist_value_added,pz_AddressNumberType__c,Tipo Número,picklist,"{""active"":true,""label"":""NUMERO MUNICIPAL"",""value"":""NUMERO MUNICIPAL""}",NUMERO MUNICIPAL,NUMERO MUNICIPAL,True
Quote,added,pz_AddressSectorName__c,Sector,string,"{""label"":""Sector"",""name"":""pz_AddressSectorName__c"",""custom"":true,""picklistValues"":[],""referenceTo"":[],""type"":""string"",""precision"":0,""scale"":0,""length"":30}",,,
Quote,added,pz_AddressSectorType__c,Tipo Sector,picklist,"{""label"":""Tipo Sector"",""name"":""pz_AddressSectorType__c"",""custom"":true,""picklistValues"":[{""active"":true,""label"":""Sector"",""value"":""Sector""},{""active"":true,""label"":""Etapa"",""value"":""Etapa""},{""active"":true,""label"":""Bloque"",""value"":""Bloque""},{""active"":true,""label"":""Edificio"",""value"":""Edificio""}],""referenceTo"":[],""type"":""picklist"",""precision"":0,""scale"":0,""length"":255}",,,
Quote,picklist_value_added,pz_AddressSectorType__c,Tipo Sector,picklist,"{""active"":true,""label"":""Sector"",""value"":""Sector""}",Sector,Sector,True
Quote,picklist_value_added,pz_AddressSectorType__c,Tipo Sector,picklist,"{""active"":true,""label"":""Etapa"",""value"":""Etapa""}",Etapa,Etapa,True
Quote,picklist_value_added,pz_AddressSectorType__c,Tipo Sector,picklist,"{""active"":true,""label"":""Bloque"",""value"":""Bloque""}",Bloque,Bloque,True
Quote,picklist_value_added,pz_AddressSectorType__c,Tipo Sector,picklist,"{""active"":true,""label"":""Edificio"",""value"":""Edificio""}",Edificio,Edificio,True
Quote,added,pz_AddressStreetAddres__c,Nombre Calle,string,"{""label"":""Nombre Calle"",""name"":""pz_AddressStreetAddres__c"",""custom"":true,""picklistValues"":[],""referenceTo"":[],""type"":""string"",""precision"":0,""scale"":0,""length"":255}",,,
Quote,added,pz_AddressStreetNumber__c,Nro. Calle,string,"{""label"":""Nro. Calle"",""name"":""pz_AddressStreetNumber__c"",""custom"":true,""picklistValues"":[],""referenceTo"":[],""type"":""string"",""precision"":0,""scale"":0,""length"":15}",,,
Quote,added,pz_AddressWayType__c,Tipo Vía,picklist,"{""label"":""Tipo Vía"",""name"":""pz_AddressWayType__c"",""custom"":true,""picklistValues"":[{""active"":true,""label"":""ALAMEDA"",""value"":""AL""},{""active"":true,""label"":""AVENIDA"",""value"":""AV""},{""active"":true,""label"":""BAJADA"",""value"":""BJ""},{""active"":true,""label"":""CARRETERA"",""value"":""CAR""},{""active"":true,""label"":""CALLE"",""value"":""CL""},{""active"":true,""label"":""JIRÓN"",""value"":""JR""},{""active"":true,""label"":""MALECON"",""value"":""ML""},{""active"":true,""label"":""PLAZA"",""value"":""PL""},{""active"":true,""label"":""PARQUE"",""value"":""PQ""},{""active"":true,""label"":""PROLONGACIÓN"",""value"":""PR""},{""active"":true,""label"":""PASAJE"",""value"":""PSJ""}],""referenceTo"":[],""type"":""picklist"",""precision"":0,""scale"":0,""length"":255}",,,
Quote,picklist_value_added,pz_AddressWayType__c,Tipo Vía,picklist,"{""active"":true,""label"":""ALAMEDA"",""value"":""AL""}",ALAMEDA,AL,True
Quote,picklist_value_added,pz_AddressWayType__c,Tipo Vía,picklist,"{""active"":true,""label"":""AVENIDA"",""value"":""AV""}",AVENIDA,AV,True
Quote,picklist_value_added,pz_AddressWayType__c,Tipo Vía,picklist,"{""active"":true,""label"":""BAJADA"",""value"":""BJ""}",BAJADA,BJ,True
Quote,picklist_value_added,pz_AddressWayType__c,Tipo Vía,picklist,"{""active"":true,""label"":""CARRETERA"",""value"":""CAR""}",CARRETERA,CAR,True
Quote,picklist_value_added,pz_AddressWayType__c,Tipo Vía,picklist,"{""active"":true,""label"":""CALLE"",""value"":""CL""}",CALLE,CL,True
Quote,picklist_value_added,pz_AddressWayType__c,Tipo Vía,picklist,"{""active"":true,""label"":""JIRÓN"",""value"":""JR""}",JIRÓN,JR,True
Quote,picklist_value_added,pz_AddressWayType__c,Tipo Vía,picklist,"{""active"":true,""label"":""MALECON"",""value"":""ML""}",MALECON,ML,True
Quote,picklist_value_added,pz_AddressWayType__c,Tipo Vía,picklist,"{""active"":true,""label"":""PLAZA"",""value"":""PL""}",PLAZA,PL,True
Quote,picklist_value_added,pz_AddressWayType__c,Tipo Vía,picklist,"{""active"":true,""label"":""PARQUE"",""value"":""PQ""}",PARQUE,PQ,True
Quote,picklist_value_added,pz_AddressWayType__c,Tipo Vía,picklist,"{""active"":true,""label"":""PROLONGACIÓN"",""value"":""PR""}",PROLONGACIÓN,PR,True
Quote,picklist_value_added,pz_AddressWayType__c,Tipo Vía,picklist,"{""active"":true,""label"":""PASAJE"",""value"":""PSJ""}",PASAJE,PSJ,True
Quote,added,pz_AdressStandard__c,Código Ubigeo,string,"{""label"":""Código Ubigeo"",""name"":""pz_AdressStandard__c"",""custom"":true,""picklistValues"":[],""referenceTo"":[],""type"":""string"",""precision"":0,""scale"":0,""length"":6}",,,
Quote,added,pz_AlternateAddressInternalUnitNumber__c,Interior,string,"{""label"":""Interior"",""name"":""pz_AlternateAddressInternalUnitNumber__c"",""custom"":true,""picklistValues"":[],""referenceTo"":[],""type"":""string"",""precision"":0,""scale"":0,""length"":255}",,,
Quote,added,pz_CompletedWork__c,Obra Concluida,boolean,"{""label"":""Obra Concluida"",""name"":""pz_CompletedWork__c"",""custom"":true,""picklistValues"":[],""referenceTo"":[],""type"":""boolean"",""precision"":0,""scale"":0,""length"":0}",,,
Quote,added,pz_District__c,Distrito,string,"{""label"":""Distrito"",""name"":""pz_District__c"",""custom"":true,""picklistValues"":[],""referenceTo"":[],""type"":""string"",""precision"":0,""scale"":0,""length"":80}",,,
Quote,added,pz_PostalCode__c,Código postal,string,"{""label"":""Código postal"",""name"":""pz_PostalCode__c"",""custom"":true,""picklistValues"":[],""referenceTo"":[],""type"":""string"",""precision"":0,""scale"":0,""length"":20}",,,
Quote,added,pz_ProvinceAddress__c,Provincia,string,"{""label"":""Provincia"",""name"":""pz_ProvinceAddress__c"",""custom"":true,""picklistValues"":[],""referenceTo"":[],""type"":""string"",""precision"":0,""scale"":0,""length"":80}",,,
Quote,added,pz_Reference__c,Referencia,string,"{""label"":""Referencia"",""name"":""pz_Reference__c"",""custom"":true,""picklistValues"":[],""referenceTo"":[],""type"":""string"",""precision"":0,""scale"":0,""length"":255}",,,
Quote,added,pz_StateAddress__c,Departamento,string,"{""label"":""Departamento"",""name"":""pz_StateAddress__c"",""custom"":true,""picklistValues"":[],""referenceTo"":[],""type"":""string"",""precision"":0,""scale"":0,""length"":80}",,,
Quote,added,pz_VisitAdjustmentsRealStateDone__c,Adecuaciones Cliente Inmobiliario Hecho,boolean,"{""label"":""Adecuaciones Cliente Inmobiliario Hecho"",""name"":""pz_VisitAdjustmentsRealStateDone__c"",""custom"":true,""picklistValues"":[],""referenceTo"":[],""type"":""boolean"",""precision"":0,""scale"":0,""length"":0}",,,
Quote_Line_Item,added,Status,Status,picklist,"{""label"":""Status"",""name"":""Status"",""custom"":false,""picklistValues"":[],""referenceTo"":[],""type"":""picklist"",""precision"":0,""scale"":0,""length"":40}",,,
Quote_Line_Item,added,vlocity_cmt__AmendedOrderItemId__c,Amended Order Item,reference,"{""label"":""Amended Order Item"",""name"":""vlocity_cmt__AmendedOrderItemId__c"",""custom"":true,""picklistValues"":[],""referenceTo"":[""OrderItem""],""type"":""reference"",""precision"":0,""scale"":0,""length"":18}",,,
